name,email,phone,company
John Doe 1,john1@example.com,100000001,Acme Inc
John Doe 2,john2@example.com,100000002,Acme Inc
John Doe 3,john3@example.com,100000003,Acme Inc
John Doe 4,john4@example.com,100000004,Acme Inc
John Doe 5,john5@example.com,100000005,Acme Inc
John Doe 6,john6@example.com,100000006,Acme Inc
John Doe 7,john7@example.com,100000007,Acme Inc
John Doe 8,john8@example.com,100000008,Acme Inc
John Doe 9,john9@example.com,100000009,Acme Inc
John Doe 10,john10@example.com,100000010,Acme Inc
John Doe 11,john11@example.com,100000011,Acme Inc
John Doe 12,john12@example.com,100000012,Acme Inc
John Doe 13,john13@example.com,100000013,Acme Inc
John Doe 14,john14@example.com,100000014,Acme Inc
John Doe 15,john15@example.com,100000015,Acme Inc
John Doe 16,john16@example.com,100000016,Acme Inc
John Doe 17,john17@example.com,100000017,Acme Inc
John Doe 18,john18@example.com,100000018,Acme Inc
John Doe 19,john19@example.com,100000019,Acme Inc
John Doe 20,john20@example.com,100000020,Acme Inc
John Doe 21,john21@example.com,100000021,Acme Inc
John Doe 22,john22@example.com,100000022,Acme Inc
John Doe 23,john23@example.com,100000023,Acme Inc
John Doe 24,john24@example.com,100000024,Acme Inc
John Doe 25,john25@example.com,100000025,Acme Inc
John Doe 26,john26@example.com,100000026,Acme Inc
John Doe 27,john27@example.com,100000027,Acme Inc
John Doe 28,john28@example.com,100000028,Acme Inc
John Doe 29,john29@example.com,100000029,Acme Inc
John Doe 30,john30@example.com,100000030,Acme Inc
John Doe 31,john31@example.com,100000031,Acme Inc
John Doe 32,john32@example.com,100000032,Acme Inc
John Doe 33,john33@example.com,100000033,Acme Inc
John Doe 34,john34@example.com,100000034,Acme Inc
John Doe 35,john35@example.com,100000035,Acme Inc
John Doe 36,john36@example.com,100000036,Acme Inc
John Doe 37,john37@example.com,100000037,Acme Inc
John Doe 38,john38@example.com,100000038,Acme Inc
John Doe 39,john39@example.com,100000039,Acme Inc
John Doe 40,john40@example.com,100000040,Acme Inc
John Doe 41,john41@example.com,100000041,Acme Inc
John Doe 42,john42@example.com,100000042,Acme Inc
John Doe 43,john43@example.com,100000043,Acme Inc
John Doe 44,john44@example.com,100000044,Acme Inc
John Doe 45,john45@example.com,100000045,Acme Inc
John Doe 46,john46@example.com,100000046,Acme Inc
John Doe 47,john47@example.com,100000047,Acme Inc
John Doe 48,john48@example.com,100000048,Acme Inc
John Doe 49,john49@example.com,100000049,Acme Inc
John Doe 50,john50@example.com,100000050,Acme Inc
John Doe 51,john51@example.com,100000051,Acme Inc
John Doe 52,john52@example.com,100000052,Acme Inc
John Doe 53,john53@example.com,100000053,Acme Inc
John Doe 54,john54@example.com,100000054,Acme Inc
John Doe 55,john55@example.com,100000055,Acme Inc
John Doe 56,john56@example.com,100000056,Acme Inc
John Doe 57,john57@example.com,100000057,Acme Inc
John Doe 58,john58@example.com,100000058,Acme Inc
John Doe 59,john59@example.com,100000059,Acme Inc
John Doe 60,john60@example.com,100000060,Acme Inc
John Doe 61,john61@example.com,100000061,Acme Inc
John Doe 62,john62@example.com,100000062,Acme Inc
John Doe 63,john63@example.com,100000063,Acme Inc
John Doe 64,john64@example.com,100000064,Acme Inc
John Doe 65,john65@example.com,100000065,Acme Inc
John Doe 66,john66@example.com,100000066,Acme Inc
John Doe 67,john67@example.com,100000067,Acme Inc
John Doe 68,john68@example.com,100000068,Acme Inc
John Doe 69,john69@example.com,100000069,Acme Inc
John Doe 70,john70@example.com,100000070,Acme Inc
John Doe 71,john71@example.com,100000071,Acme Inc
John Doe 72,john72@example.com,100000072,Acme Inc
John Doe 73,john73@example.com,100000073,Acme Inc
John Doe 74,john74@example.com,100000074,Acme Inc
John Doe 75,john75@example.com,100000075,Acme Inc
John Doe 76,john76@example.com,100000076,Acme Inc
John Doe 77,john77@example.com,100000077,Acme Inc
John Doe 78,john78@example.com,100000078,Acme Inc
John Doe 79,john79@example.com,100000079,Acme Inc
John Doe 80,john80@example.com,100000080,Acme Inc
John Doe 81,john81@example.com,100000081,Acme Inc
John Doe 82,john82@example.com,100000082,Acme Inc
John Doe 83,john83@example.com,100000083,Acme Inc
John Doe 84,john84@example.com,100000084,Acme Inc
John Doe 85,john85@example.com,100000085,Acme Inc
John Doe 86,john86@example.com,100000086,Acme Inc
John Doe 87,john87@example.com,100000087,Acme Inc
John Doe 88,john88@example.com,100000088,Acme Inc
John Doe 89,john89@example.com,100000089,Acme Inc
John Doe 90,john90@example.com,100000090,Acme Inc
John Doe 91,john91@example.com,100000091,Acme Inc
John Doe 92,john92@example.com,100000092,Acme Inc
John Doe 93,john93@example.com,100000093,Acme Inc
John Doe 94,john94@example.com,100000094,Acme Inc
John Doe 95,john95@example.com,100000095,Acme Inc
John Doe 96,john96@example.com,100000096,Acme Inc
John Doe 97,john97@example.com,100000097,Acme Inc
John Doe 98,john98@example.com,100000098,Acme Inc
John Doe 99,john99@example.com,100000099,Acme Inc
John Doe 100,john100@example.com,100000100,Acme Inc
John Doe 101,john101@example.com,100000101,Acme Inc
John Doe 102,john102@example.com,100000102,Acme Inc
John Doe 103,john103@example.com,100000103,Acme Inc
John Doe 104,john104@example.com,100000104,Acme Inc
John Doe 105,john105@example.com,100000105,Acme Inc
John Doe 106,john106@example.com,100000106,Acme Inc
John Doe 107,john107@example.com,100000107,Acme Inc
John Doe 108,john108@example.com,100000108,Acme Inc
John Doe 109,john109@example.com,100000109,Acme Inc
John Doe 110,john110@example.com,100000110,Acme Inc
John Doe 111,john111@example.com,100000111,Acme Inc
John Doe 112,john112@example.com,100000112,Acme Inc
John Doe 113,john113@example.com,100000113,Acme Inc
John Doe 114,john114@example.com,100000114,Acme Inc
John Doe 115,john115@example.com,100000115,Acme Inc
John Doe 116,john116@example.com,100000116,Acme Inc
John Doe 117,john117@example.com,100000117,Acme Inc
John Doe 118,john118@example.com,100000118,Acme Inc
John Doe 119,john119@example.com,100000119,Acme Inc
John Doe 120,john120@example.com,100000120,Acme Inc
John Doe 121,john121@example.com,100000121,Acme Inc
John Doe 122,john122@example.com,100000122,Acme Inc
John Doe 123,john123@example.com,100000123,Acme Inc
John Doe 124,john124@example.com,100000124,Acme Inc
John Doe 125,john125@example.com,100000125,Acme Inc
John Doe 126,john126@example.com,100000126,Acme Inc
John Doe 127,john127@example.com,100000127,Acme Inc
John Doe 128,john128@example.com,100000128,Acme Inc
John Doe 129,john129@example.com,100000129,Acme Inc
John Doe 130,john130@example.com,100000130,Acme Inc
John Doe 131,john131@example.com,100000131,Acme Inc
John Doe 132,john132@example.com,100000132,Acme Inc
John Doe 133,john133@example.com,100000133,Acme Inc
John Doe 134,john134@example.com,100000134,Acme Inc
John Doe 135,john135@example.com,100000135,Acme Inc
John Doe 136,john136@example.com,100000136,Acme Inc
John Doe 137,john137@example.com,100000137,Acme Inc
John Doe 138,john138@example.com,100000138,Acme Inc
John Doe 139,john139@example.com,100000139,Acme Inc
John Doe 140,john140@example.com,100000140,Acme Inc
John Doe 141,john141@example.com,1000000141,Acme Inc
John Doe 142,john142@example.com,1000000142,Acme Inc
John Doe 143,john143@example.com,1000000143,Acme Inc
John Doe 144,john144@example.com,1000000144,Acme Inc
John Doe 145,john145@example.com,1000000145,Acme Inc
John Doe 146,john146@example.com,1000000146,Acme Inc
John Doe 147,john147@example.com,1000000147,Acme Inc
John Doe 148,john148@example.com,1000000148,Acme Inc
John Doe 149,john149@example.com,1000000149,Acme Inc
John Doe 150,john150@example.com,1000000150,Acme Inc
John Doe 151,john151@example.com,1000000151,Acme Inc
John Doe 152,john152@example.com,1000000152,Acme Inc
John Doe 153,john153@example.com,1000000153,Acme Inc
John Doe 154,john154@example.com,1000000154,Acme Inc
John Doe 155,john155@example.com,1000000155,Acme Inc
John Doe 156,john156@example.com,1000000156,Acme Inc
John Doe 157,john157@example.com,1000000157,Acme Inc
John Doe 158,john158@example.com,1000000158,Acme Inc
John Doe 159,john159@example.com,1000000159,Acme Inc
John Doe 160,john160@example.com,1000000160,Acme Inc
John Doe 161,john161@example.com,1000000161,Acme Inc
John Doe 162,john162@example.com,1000000162,Acme Inc
John Doe 163,john163@example.com,1000000163,Acme Inc
John Doe 164,john164@example.com,1000000164,Acme Inc
John Doe 165,john165@example.com,1000000165,Acme Inc
John Doe 166,john166@example.com,1000000166,Acme Inc
John Doe 167,john167@example.com,1000000167,Acme Inc
John Doe 168,john168@example.com,1000000168,Acme Inc
John Doe 169,john169@example.com,1000000169,Acme Inc
John Doe 170,john170@example.com,1000000170,Acme Inc
John Doe 171,john171@example.com,1000000171,Acme Inc
John Doe 172,john172@example.com,1000000172,Acme Inc
John Doe 173,john173@example.com,1000000173,Acme Inc
John Doe 174,john174@example.com,1000000174,Acme Inc
John Doe 175,john175@example.com,1000000175,Acme Inc
John Doe 176,john176@example.com,1000000176,Acme Inc
John Doe 177,john177@example.com,1000000177,Acme Inc
John Doe 178,john178@example.com,1000000178,Acme Inc
John Doe 179,john179@example.com,1000000179,Acme Inc
John Doe 180,john180@example.com,1000000180,Acme Inc
John Doe 181,john181@example.com,1000000181,Acme Inc
John Doe 182,john182@example.com,1000000182,Acme Inc
John Doe 183,john183@example.com,1000000183,Acme Inc
John Doe 184,john184@example.com,1000000184,Acme Inc
John Doe 185,john185@example.com,1000000185,Acme Inc
John Doe 186,john186@example.com,1000000186,Acme Inc
John Doe 187,john187@example.com,1000000187,Acme Inc
John Doe 188,john188@example.com,1000000188,Acme Inc
John Doe 189,john189@example.com,1000000189,Acme Inc
John Doe 190,john190@example.com,1000000190,Acme Inc
John Doe 191,john191@example.com,1000000191,Acme Inc
John Doe 192,john192@example.com,1000000192,Acme Inc
John Doe 193,john193@example.com,1000000193,Acme Inc
John Doe 194,john194@example.com,1000000194,Acme Inc
John Doe 195,john195@example.com,1000000195,Acme Inc
John Doe 196,john196@example.com,1000000196,Acme Inc
John Doe 197,john197@example.com,1000000197,Acme Inc
John Doe 198,john198@example.com,1000000198,Acme Inc
John Doe 199,john199@example.com,1000000199,Acme Inc
John Doe 200,john200@example.com,1000000200,Acme Inc
John Doe 201,john201@example.com,1000000201,Acme Inc
John Doe 202,john202@example.com,1000000202,Acme Inc
John Doe 203,john203@example.com,1000000203,Acme Inc
John Doe 204,john204@example.com,1000000204,Acme Inc
John Doe 205,john205@example.com,1000000205,Acme Inc
John Doe 206,john206@example.com,1000000206,Acme Inc
John Doe 207,john207@example.com,1000000207,Acme Inc
John Doe 208,john208@example.com,1000000208,Acme Inc
John Doe 209,john209@example.com,1000000209,Acme Inc
John Doe 210,john210@example.com,1000000210,Acme Inc
John Doe 211,john211@example.com,1000000211,Acme Inc
John Doe 212,john212@example.com,1000000212,Acme Inc
John Doe 213,john213@example.com,1000000213,Acme Inc
John Doe 214,john214@example.com,1000000214,Acme Inc
John Doe 215,john215@example.com,1000000215,Acme Inc
John Doe 216,john216@example.com,1000000216,Acme Inc
John Doe 217,john217@example.com,1000000217,Acme Inc
John Doe 218,john218@example.com,1000000218,Acme Inc
John Doe 219,john219@example.com,1000000219,Acme Inc
John Doe 220,john220@example.com,1000000220,Acme Inc
John Doe 221,john221@example.com,1000000221,Acme Inc
John Doe 222,john222@example.com,1000000222,Acme Inc
John Doe 223,john223@example.com,1000000223,Acme Inc
John Doe 224,john224@example.com,1000000224,Acme Inc
John Doe 225,john225@example.com,1000000225,Acme Inc
John Doe 226,john226@example.com,1000000226,Acme Inc
John Doe 227,john227@example.com,1000000227,Acme Inc
John Doe 228,john228@example.com,1000000228,Acme Inc
John Doe 229,john229@example.com,1000000229,Acme Inc
John Doe 230,john230@example.com,1000000230,Acme Inc
John Doe 231,john231@example.com,1000000231,Acme Inc
John Doe 232,john232@example.com,1000000232,Acme Inc
John Doe 233,john233@example.com,1000000233,Acme Inc
John Doe 234,john234@example.com,1000000234,Acme Inc
John Doe 235,john235@example.com,1000000235,Acme Inc
John Doe 236,john236@example.com,1000000236,Acme Inc
John Doe 237,john237@example.com,1000000237,Acme Inc
John Doe 238,john238@example.com,1000000238,Acme Inc
John Doe 239,john239@example.com,1000000239,Acme Inc
John Doe 240,john240@example.com,1000000240,Acme Inc
John Doe 241,john241@example.com,1000000241,Acme Inc
John Doe 242,john242@example.com,1000000242,Acme Inc
John Doe 243,john243@example.com,1000000243,Acme Inc
John Doe 244,john244@example.com,1000000244,Acme Inc
John Doe 245,john245@example.com,1000000245,Acme Inc
John Doe 246,john246@example.com,1000000246,Acme Inc
John Doe 247,john247@example.com,1000000247,Acme Inc
John Doe 248,john248@example.com,1000000248,Acme Inc
John Doe 249,john249@example.com,1000000249,Acme Inc
John Doe 250,john250@example.com,1000000250,Acme Inc
John Doe 251,john251@example.com,1000000251,Acme Inc
John Doe 252,john252@example.com,1000000252,Acme Inc
John Doe 253,john253@example.com,1000000253,Acme Inc
John Doe 254,john254@example.com,1000000254,Acme Inc
John Doe 255,john255@example.com,1000000255,Acme Inc
John Doe 256,john256@example.com,1000000256,Acme Inc
John Doe 257,john257@example.com,1000000257,Acme Inc
John Doe 258,john258@example.com,1000000258,Acme Inc
John Doe 259,john259@example.com,1000000259,Acme Inc
John Doe 260,john260@example.com,1000000260,Acme Inc
John Doe 261,john261@example.com,1000000261,Acme Inc
John Doe 262,john262@example.com,1000000262,Acme Inc
John Doe 263,john263@example.com,1000000263,Acme Inc
John Doe 264,john264@example.com,1000000264,Acme Inc
John Doe 265,john265@example.com,1000000265,Acme Inc
John Doe 266,john266@example.com,1000000266,Acme Inc
John Doe 267,john267@example.com,1000000267,Acme Inc
John Doe 268,john268@example.com,1000000268,Acme Inc
John Doe 269,john269@example.com,1000000269,Acme Inc
John Doe 270,john270@example.com,1000000270,Acme Inc
John Doe 271,john271@example.com,1000000271,Acme Inc
John Doe 272,john272@example.com,1000000272,Acme Inc
John Doe 273,john273@example.com,1000000273,Acme Inc
John Doe 274,john274@example.com,1000000274,Acme Inc
John Doe 275,john275@example.com,1000000275,Acme Inc
John Doe 276,john276@example.com,1000000276,Acme Inc
John Doe 277,john277@example.com,1000000277,Acme Inc
John Doe 278,john278@example.com,1000000278,Acme Inc
John Doe 279,john279@example.com,1000000279,Acme Inc
John Doe 280,john280@example.com,1000000280,Acme Inc
John Doe 281,john281@example.com,1000000281,Acme Inc
John Doe 282,john282@example.com,1000000282,Acme Inc
John Doe 283,john283@example.com,1000000283,Acme Inc
John Doe 284,john284@example.com,1000000284,Acme Inc
John Doe 285,john285@example.com,1000000285,Acme Inc
John Doe 286,john286@example.com,1000000286,Acme Inc
John Doe 287,john287@example.com,1000000287,Acme Inc
John Doe 288,john288@example.com,1000000288,Acme Inc
John Doe 289,john289@example.com,1000000289,Acme Inc
John Doe 290,john290@example.com,1000000290,Acme Inc
John Doe 291,john291@example.com,1000000291,Acme Inc
John Doe 292,john292@example.com,1000000292,Acme Inc
John Doe 293,john293@example.com,1000000293,Acme Inc
John Doe 294,john294@example.com,1000000294,Acme Inc
John Doe 295,john295@example.com,1000000295,Acme Inc
John Doe 296,john296@example.com,1000000296,Acme Inc
John Doe 297,john297@example.com,1000000297,Acme Inc
John Doe 298,john298@example.com,1000000298,Acme Inc
John Doe 299,john299@example.com,1000000299,Acme Inc
John Doe 300,john300@example.com,1000000300,Acme Inc
John Doe 301,john301@example.com,1000000301,Acme Inc
John Doe 302,john302@example.com,1000000302,Acme Inc
John Doe 303,john303@example.com,1000000303,Acme Inc
John Doe 304,john304@example.com,1000000304,Acme Inc
John Doe 305,john305@example.com,1000000305,Acme Inc
John Doe 306,john306@example.com,1000000306,Acme Inc
John Doe 307,john307@example.com,1000000307,Acme Inc
John Doe 308,john308@example.com,1000000308,Acme Inc
John Doe 309,john309@example.com,1000000309,Acme Inc
John Doe 310,john310@example.com,1000000310,Acme Inc
John Doe 311,john311@example.com,1000000311,Acme Inc
John Doe 312,john312@example.com,1000000312,Acme Inc
John Doe 313,john313@example.com,1000000313,Acme Inc
John Doe 314,john314@example.com,1000000314,Acme Inc
John Doe 315,john315@example.com,1000000315,Acme Inc
John Doe 316,john316@example.com,1000000316,Acme Inc
John Doe 317,john317@example.com,1000000317,Acme Inc
John Doe 318,john318@example.com,1000000318,Acme Inc
John Doe 319,john319@example.com,1000000319,Acme Inc
John Doe 320,john320@example.com,1000000320,Acme Inc
John Doe 321,john321@example.com,1000000321,Acme Inc
John Doe 322,john322@example.com,1000000322,Acme Inc
John Doe 323,john323@example.com,1000000323,Acme Inc
John Doe 324,john324@example.com,1000000324,Acme Inc
John Doe 325,john325@example.com,1000000325,Acme Inc
John Doe 326,john326@example.com,1000000326,Acme Inc
John Doe 327,john327@example.com,1000000327,Acme Inc
John Doe 328,john328@example.com,1000000328,Acme Inc
John Doe 329,john329@example.com,1000000329,Acme Inc
John Doe 330,john330@example.com,1000000330,Acme Inc
John Doe 331,john331@example.com,1000000331,Acme Inc
John Doe 332,john332@example.com,1000000332,Acme Inc
John Doe 333,john333@example.com,1000000333,Acme Inc
John Doe 334,john334@example.com,1000000334,Acme Inc
John Doe 335,john335@example.com,1000000335,Acme Inc
John Doe 336,john336@example.com,1000000336,Acme Inc
John Doe 337,john337@example.com,1000000337,Acme Inc
John Doe 338,john338@example.com,1000000338,Acme Inc
John Doe 339,john339@example.com,1000000339,Acme Inc
John Doe 340,john340@example.com,1000000340,Acme Inc
John Doe 341,john341@example.com,1000000341,Acme Inc
John Doe 342,john342@example.com,1000000342,Acme Inc
John Doe 343,john343@example.com,1000000343,Acme Inc
John Doe 344,john344@example.com,1000000344,Acme Inc
John Doe 345,john345@example.com,1000000345,Acme Inc
John Doe 346,john346@example.com,1000000346,Acme Inc
John Doe 347,john347@example.com,1000000347,Acme Inc
John Doe 348,john348@example.com,1000000348,Acme Inc
John Doe 349,john349@example.com,1000000349,Acme Inc
John Doe 350,john350@example.com,1000000350,Acme Inc
John Doe 351,john351@example.com,1000000351,Acme Inc
John Doe 352,john352@example.com,1000000352,Acme Inc
John Doe 353,john353@example.com,1000000353,Acme Inc
John Doe 354,john354@example.com,1000000354,Acme Inc
John Doe 355,john355@example.com,1000000355,Acme Inc
John Doe 356,john356@example.com,1000000356,Acme Inc
John Doe 357,john357@example.com,1000000357,Acme Inc
John Doe 358,john358@example.com,1000000358,Acme Inc
John Doe 359,john359@example.com,1000000359,Acme Inc
John Doe 360,john360@example.com,1000000360,Acme Inc
John Doe 361,john361@example.com,1000000361,Acme Inc
John Doe 362,john362@example.com,1000000362,Acme Inc
John Doe 363,john363@example.com,1000000363,Acme Inc
John Doe 364,john364@example.com,1000000364,Acme Inc
John Doe 365,john365@example.com,1000000365,Acme Inc
John Doe 366,john366@example.com,1000000366,Acme Inc
John Doe 367,john367@example.com,1000000367,Acme Inc
John Doe 368,john368@example.com,1000000368,Acme Inc
John Doe 369,john369@example.com,1000000369,Acme Inc
John Doe 370,john370@example.com,1000000370,Acme Inc
John Doe 371,john371@example.com,1000000371,Acme Inc
John Doe 372,john372@example.com,1000000372,Acme Inc
John Doe 373,john373@example.com,1000000373,Acme Inc
John Doe 374,john374@example.com,1000000374,Acme Inc
John Doe 375,john375@example.com,1000000375,Acme Inc
John Doe 376,john376@example.com,1000000376,Acme Inc
John Doe 377,john377@example.com,1000000377,Acme Inc
John Doe 378,john378@example.com,1000000378,Acme Inc
John Doe 379,john379@example.com,1000000379,Acme Inc
John Doe 380,john380@example.com,1000000380,Acme Inc
John Doe 381,john381@example.com,1000000381,Acme Inc
John Doe 382,john382@example.com,1000000382,Acme Inc
John Doe 383,john383@example.com,1000000383,Acme Inc
John Doe 384,john384@example.com,1000000384,Acme Inc
John Doe 385,john385@example.com,1000000385,Acme Inc
John Doe 386,john386@example.com,1000000386,Acme Inc
John Doe 387,john387@example.com,1000000387,Acme Inc
John Doe 388,john388@example.com,1000000388,Acme Inc
John Doe 389,john389@example.com,1000000389,Acme Inc
John Doe 390,john390@example.com,1000000390,Acme Inc
John Doe 391,john391@example.com,1000000391,Acme Inc
John Doe 392,john392@example.com,1000000392,Acme Inc
John Doe 393,john393@example.com,1000000393,Acme Inc
John Doe 394,john394@example.com,1000000394,Acme Inc
John Doe 395,john395@example.com,1000000395,Acme Inc
John Doe 396,john396@example.com,1000000396,Acme Inc
John Doe 397,john397@example.com,1000000397,Acme Inc
John Doe 398,john398@example.com,1000000398,Acme Inc
John Doe 399,john399@example.com,1000000399,Acme Inc
John Doe 400,john400@example.com,1000000400,Acme Inc
John Doe 401,john401@example.com,1000000401,Acme Inc
John Doe 402,john402@example.com,1000000402,Acme Inc
John Doe 403,john403@example.com,1000000403,Acme Inc
John Doe 404,john404@example.com,1000000404,Acme Inc
John Doe 405,john405@example.com,1000000405,Acme Inc
John Doe 406,john406@example.com,1000000406,Acme Inc
John Doe 407,john407@example.com,1000000407,Acme Inc
John Doe 408,john408@example.com,1000000408,Acme Inc
John Doe 409,john409@example.com,1000000409,Acme Inc
John Doe 410,john410@example.com,1000000410,Acme Inc
John Doe 411,john411@example.com,1000000411,Acme Inc
John Doe 412,john412@example.com,1000000412,Acme Inc
John Doe 413,john413@example.com,1000000413,Acme Inc
John Doe 414,john414@example.com,1000000414,Acme Inc
John Doe 415,john415@example.com,1000000415,Acme Inc
John Doe 416,john416@example.com,1000000416,Acme Inc
John Doe 417,john417@example.com,1000000417,Acme Inc
John Doe 418,john418@example.com,1000000418,Acme Inc
John Doe 419,john419@example.com,1000000419,Acme Inc
John Doe 420,john420@example.com,1000000420,Acme Inc
John Doe 421,john421@example.com,1000000421,Acme Inc
John Doe 422,john422@example.com,1000000422,Acme Inc
John Doe 423,john423@example.com,1000000423,Acme Inc
John Doe 424,john424@example.com,1000000424,Acme Inc
John Doe 425,john425@example.com,1000000425,Acme Inc
John Doe 426,john426@example.com,1000000426,Acme Inc
John Doe 427,john427@example.com,1000000427,Acme Inc
John Doe 428,john428@example.com,1000000428,Acme Inc
John Doe 429,john429@example.com,1000000429,Acme Inc
John Doe 430,john430@example.com,1000000430,Acme Inc
John Doe 431,john431@example.com,1000000431,Acme Inc
John Doe 432,john432@example.com,1000000432,Acme Inc
John Doe 433,john433@example.com,1000000433,Acme Inc
John Doe 434,john434@example.com,1000000434,Acme Inc
John Doe 435,john435@example.com,1000000435,Acme Inc
John Doe 436,john436@example.com,1000000436,Acme Inc
John Doe 437,john437@example.com,1000000437,Acme Inc
John Doe 438,john438@example.com,1000000438,Acme Inc
John Doe 439,john439@example.com,1000000439,Acme Inc
John Doe 440,john440@example.com,1000000440,Acme Inc
John Doe 441,john441@example.com,1000000441,Acme Inc
John Doe 442,john442@example.com,1000000442,Acme Inc
John Doe 443,john443@example.com,1000000443,Acme Inc
John Doe 444,john444@example.com,1000000444,Acme Inc
John Doe 445,john445@example.com,1000000445,Acme Inc
John Doe 446,john446@example.com,1000000446,Acme Inc
John Doe 447,john447@example.com,1000000447,Acme Inc
John Doe 448,john448@example.com,1000000448,Acme Inc
John Doe 449,john449@example.com,1000000449,Acme Inc
John Doe 450,john450@example.com,1000000450,Acme Inc
John Doe 451,john451@example.com,1000000451,Acme Inc
John Doe 452,john452@example.com,1000000452,Acme Inc
John Doe 453,john453@example.com,1000000453,Acme Inc
John Doe 454,john454@example.com,1000000454,Acme Inc
John Doe 455,john455@example.com,1000000455,Acme Inc
John Doe 456,john456@example.com,1000000456,Acme Inc
John Doe 457,john457@example.com,1000000457,Acme Inc
John Doe 458,john458@example.com,1000000458,Acme Inc
John Doe 459,john459@example.com,1000000459,Acme Inc
John Doe 460,john460@example.com,1000000460,Acme Inc
John Doe 461,john461@example.com,1000000461,Acme Inc
John Doe 462,john462@example.com,1000000462,Acme Inc
John Doe 463,john463@example.com,1000000463,Acme Inc
John Doe 464,john464@example.com,1000000464,Acme Inc
John Doe 465,john465@example.com,1000000465,Acme Inc
John Doe 466,john466@example.com,1000000466,Acme Inc
John Doe 467,john467@example.com,1000000467,Acme Inc
John Doe 468,john468@example.com,1000000468,Acme Inc
John Doe 469,john469@example.com,1000000469,Acme Inc
John Doe 470,john470@example.com,1000000470,Acme Inc
John Doe 471,john471@example.com,1000000471,Acme Inc
John Doe 472,john472@example.com,1000000472,Acme Inc
John Doe 473,john473@example.com,1000000473,Acme Inc
John Doe 474,john474@example.com,1000000474,Acme Inc
John Doe 475,john475@example.com,1000000475,Acme Inc
John Doe 476,john476@example.com,1000000476,Acme Inc
John Doe 477,john477@example.com,1000000477,Acme Inc
John Doe 478,john478@example.com,1000000478,Acme Inc
John Doe 479,john479@example.com,1000000479,Acme Inc
John Doe 480,john480@example.com,1000000480,Acme Inc
John Doe 481,john481@example.com,1000000481,Acme Inc
John Doe 482,john482@example.com,1000000482,Acme Inc
John Doe 483,john483@example.com,1000000483,Acme Inc
John Doe 484,john484@example.com,1000000484,Acme Inc
John Doe 485,john485@example.com,1000000485,Acme Inc
John Doe 486,john486@example.com,1000000486,Acme Inc
John Doe 487,john487@example.com,1000000487,Acme Inc
John Doe 488,john488@example.com,1000000488,Acme Inc
John Doe 489,john489@example.com,1000000489,Acme Inc
John Doe 490,john490@example.com,1000000490,Acme Inc
John Doe 491,john491@example.com,1000000491,Acme Inc
John Doe 492,john492@example.com,1000000492,Acme Inc
John Doe 493,john493@example.com,1000000493,Acme Inc
John Doe 494,john494@example.com,1000000494,Acme Inc
John Doe 495,john495@example.com,1000000495,Acme Inc
John Doe 496,john496@example.com,1000000496,Acme Inc
John Doe 497,john497@example.com,1000000497,Acme Inc
John Doe 498,john498@example.com,1000000498,Acme Inc
John Doe 499,john499@example.com,1000000499,Acme Inc
John Doe 500,john500@example.com,1000000500,Acme Inc
John Doe 501,john501@example.com,1000000501,Acme Inc
John Doe 502,john502@example.com,1000000502,Acme Inc
John Doe 503,john503@example.com,1000000503,Acme Inc
John Doe 504,john504@example.com,1000000504,Acme Inc
John Doe 505,john505@example.com,1000000505,Acme Inc
John Doe 506,john506@example.com,1000000506,Acme Inc
John Doe 507,john507@example.com,1000000507,Acme Inc
John Doe 508,john508@example.com,1000000508,Acme Inc
John Doe 509,john509@example.com,1000000509,Acme Inc
John Doe 510,john510@example.com,1000000510,Acme Inc
John Doe 511,john511@example.com,1000000511,Acme Inc
John Doe 512,john512@example.com,1000000512,Acme Inc
John Doe 513,john513@example.com,1000000513,Acme Inc
John Doe 514,john514@example.com,1000000514,Acme Inc
John Doe 515,john515@example.com,1000000515,Acme Inc
John Doe 516,john516@example.com,1000000516,Acme Inc
John Doe 517,john517@example.com,1000000517,Acme Inc
John Doe 518,john518@example.com,1000000518,Acme Inc
John Doe 519,john519@example.com,1000000519,Acme Inc
John Doe 520,john520@example.com,1000000520,Acme Inc
John Doe 521,john521@example.com,1000000521,Acme Inc
John Doe 522,john522@example.com,1000000522,Acme Inc
John Doe 523,john523@example.com,1000000523,Acme Inc
John Doe 524,john524@example.com,1000000524,Acme Inc
John Doe 525,john525@example.com,1000000525,Acme Inc
John Doe 526,john526@example.com,1000000526,Acme Inc
John Doe 527,john527@example.com,1000000527,Acme Inc
John Doe 528,john528@example.com,1000000528,Acme Inc
John Doe 529,john529@example.com,1000000529,Acme Inc
John Doe 530,john530@example.com,1000000530,Acme Inc
John Doe 531,john531@example.com,1000000531,Acme Inc
John Doe 532,john532@example.com,1000000532,Acme Inc
John Doe 533,john533@example.com,1000000533,Acme Inc
John Doe 534,john534@example.com,1000000534,Acme Inc
John Doe 535,john535@example.com,1000000535,Acme Inc
John Doe 536,john536@example.com,1000000536,Acme Inc
John Doe 537,john537@example.com,1000000537,Acme Inc
John Doe 538,john538@example.com,1000000538,Acme Inc
John Doe 539,john539@example.com,1000000539,Acme Inc
John Doe 540,john540@example.com,1000000540,Acme Inc
John Doe 541,john541@example.com,1000000541,Acme Inc
John Doe 542,john542@example.com,1000000542,Acme Inc
John Doe 543,john543@example.com,1000000543,Acme Inc
John Doe 544,john544@example.com,1000000544,Acme Inc
John Doe 545,john545@example.com,1000000545,Acme Inc
John Doe 546,john546@example.com,1000000546,Acme Inc
John Doe 547,john547@example.com,1000000547,Acme Inc
John Doe 548,john548@example.com,1000000548,Acme Inc
John Doe 549,john549@example.com,1000000549,Acme Inc
John Doe 550,john550@example.com,1000000550,Acme Inc
John Doe 551,john551@example.com,1000000551,Acme Inc
John Doe 552,john552@example.com,1000000552,Acme Inc
John Doe 553,john553@example.com,1000000553,Acme Inc
John Doe 554,john554@example.com,1000000554,Acme Inc
John Doe 555,john555@example.com,1000000555,Acme Inc
John Doe 556,john556@example.com,1000000556,Acme Inc
John Doe 557,john557@example.com,1000000557,Acme Inc
John Doe 558,john558@example.com,1000000558,Acme Inc
John Doe 559,john559@example.com,1000000559,Acme Inc
John Doe 560,john560@example.com,1000000560,Acme Inc
John Doe 561,john561@example.com,1000000561,Acme Inc
John Doe 562,john562@example.com,1000000562,Acme Inc
John Doe 563,john563@example.com,1000000563,Acme Inc
John Doe 564,john564@example.com,1000000564,Acme Inc
John Doe 565,john565@example.com,1000000565,Acme Inc
John Doe 566,john566@example.com,1000000566,Acme Inc
John Doe 567,john567@example.com,1000000567,Acme Inc
John Doe 568,john568@example.com,1000000568,Acme Inc
John Doe 569,john569@example.com,1000000569,Acme Inc
John Doe 570,john570@example.com,1000000570,Acme Inc
John Doe 571,john571@example.com,1000000571,Acme Inc
John Doe 572,john572@example.com,1000000572,Acme Inc
John Doe 573,john573@example.com,1000000573,Acme Inc
John Doe 574,john574@example.com,1000000574,Acme Inc
John Doe 575,john575@example.com,1000000575,Acme Inc
John Doe 576,john576@example.com,1000000576,Acme Inc
John Doe 577,john577@example.com,1000000577,Acme Inc
John Doe 578,john578@example.com,1000000578,Acme Inc
John Doe 579,john579@example.com,1000000579,Acme Inc
John Doe 580,john580@example.com,1000000580,Acme Inc
John Doe 581,john581@example.com,1000000581,Acme Inc
John Doe 582,john582@example.com,1000000582,Acme Inc
John Doe 583,john583@example.com,1000000583,Acme Inc
John Doe 584,john584@example.com,1000000584,Acme Inc
John Doe 585,john585@example.com,1000000585,Acme Inc
John Doe 586,john586@example.com,1000000586,Acme Inc
John Doe 587,john587@example.com,1000000587,Acme Inc
John Doe 588,john588@example.com,1000000588,Acme Inc
John Doe 589,john589@example.com,1000000589,Acme Inc
John Doe 590,john590@example.com,1000000590,Acme Inc
John Doe 591,john591@example.com,1000000591,Acme Inc
John Doe 592,john592@example.com,1000000592,Acme Inc
John Doe 593,john593@example.com,1000000593,Acme Inc
John Doe 594,john594@example.com,1000000594,Acme Inc
John Doe 595,john595@example.com,1000000595,Acme Inc
John Doe 596,john596@example.com,1000000596,Acme Inc
John Doe 597,john597@example.com,1000000597,Acme Inc
John Doe 598,john598@example.com,1000000598,Acme Inc
John Doe 599,john599@example.com,1000000599,Acme Inc
John Doe 600,john600@example.com,1000000600,Acme Inc
John Doe 601,john601@example.com,1000000601,Acme Inc
John Doe 602,john602@example.com,1000000602,Acme Inc
John Doe 603,john603@example.com,1000000603,Acme Inc
John Doe 604,john604@example.com,1000000604,Acme Inc
John Doe 605,john605@example.com,1000000605,Acme Inc
John Doe 606,john606@example.com,1000000606,Acme Inc
John Doe 607,john607@example.com,1000000607,Acme Inc
John Doe 608,john608@example.com,1000000608,Acme Inc
John Doe 609,john609@example.com,1000000609,Acme Inc
John Doe 610,john610@example.com,1000000610,Acme Inc
John Doe 611,john611@example.com,1000000611,Acme Inc
John Doe 612,john612@example.com,1000000612,Acme Inc
John Doe 613,john613@example.com,1000000613,Acme Inc
John Doe 614,john614@example.com,1000000614,Acme Inc
John Doe 615,john615@example.com,1000000615,Acme Inc
John Doe 616,john616@example.com,1000000616,Acme Inc
John Doe 617,john617@example.com,1000000617,Acme Inc
John Doe 618,john618@example.com,1000000618,Acme Inc
John Doe 619,john619@example.com,1000000619,Acme Inc
John Doe 620,john620@example.com,1000000620,Acme Inc
John Doe 621,john621@example.com,1000000621,Acme Inc
John Doe 622,john622@example.com,1000000622,Acme Inc
John Doe 623,john623@example.com,1000000623,Acme Inc
John Doe 624,john624@example.com,1000000624,Acme Inc
John Doe 625,john625@example.com,1000000625,Acme Inc
John Doe 626,john626@example.com,1000000626,Acme Inc
John Doe 627,john627@example.com,1000000627,Acme Inc
John Doe 628,john628@example.com,1000000628,Acme Inc
John Doe 629,john629@example.com,1000000629,Acme Inc
John Doe 630,john630@example.com,1000000630,Acme Inc
John Doe 631,john631@example.com,1000000631,Acme Inc
John Doe 632,john632@example.com,1000000632,Acme Inc
John Doe 633,john633@example.com,1000000633,Acme Inc
John Doe 634,john634@example.com,1000000634,Acme Inc
John Doe 635,john635@example.com,1000000635,Acme Inc
John Doe 636,john636@example.com,1000000636,Acme Inc
John Doe 637,john637@example.com,1000000637,Acme Inc
John Doe 638,john638@example.com,1000000638,Acme Inc
John Doe 639,john639@example.com,1000000639,Acme Inc
John Doe 640,john640@example.com,1000000640,Acme Inc
John Doe 641,john641@example.com,1000000641,Acme Inc
John Doe 642,john642@example.com,1000000642,Acme Inc
John Doe 643,john643@example.com,1000000643,Acme Inc
John Doe 644,john644@example.com,1000000644,Acme Inc
John Doe 645,john645@example.com,1000000645,Acme Inc
John Doe 646,john646@example.com,1000000646,Acme Inc
John Doe 647,john647@example.com,1000000647,Acme Inc
John Doe 648,john648@example.com,1000000648,Acme Inc
John Doe 649,john649@example.com,1000000649,Acme Inc
John Doe 650,john650@example.com,1000000650,Acme Inc
John Doe 651,john651@example.com,1000000651,Acme Inc
John Doe 652,john652@example.com,1000000652,Acme Inc
John Doe 653,john653@example.com,1000000653,Acme Inc
John Doe 654,john654@example.com,1000000654,Acme Inc
John Doe 655,john655@example.com,1000000655,Acme Inc
John Doe 656,john656@example.com,1000000656,Acme Inc
John Doe 657,john657@example.com,1000000657,Acme Inc
John Doe 658,john658@example.com,1000000658,Acme Inc
John Doe 659,john659@example.com,1000000659,Acme Inc
John Doe 660,john660@example.com,1000000660,Acme Inc
John Doe 661,john661@example.com,1000000661,Acme Inc
John Doe 662,john662@example.com,1000000662,Acme Inc
John Doe 663,john663@example.com,1000000663,Acme Inc
John Doe 664,john664@example.com,1000000664,Acme Inc
John Doe 665,john665@example.com,1000000665,Acme Inc
John Doe 666,john666@example.com,1000000666,Acme Inc
John Doe 667,john667@example.com,1000000667,Acme Inc
John Doe 668,john668@example.com,1000000668,Acme Inc
John Doe 669,john669@example.com,1000000669,Acme Inc
John Doe 670,john670@example.com,1000000670,Acme Inc
John Doe 671,john671@example.com,1000000671,Acme Inc
John Doe 672,john672@example.com,1000000672,Acme Inc
John Doe 673,john673@example.com,1000000673,Acme Inc
John Doe 674,john674@example.com,1000000674,Acme Inc
John Doe 675,john675@example.com,1000000675,Acme Inc
John Doe 676,john676@example.com,1000000676,Acme Inc
John Doe 677,john677@example.com,1000000677,Acme Inc
John Doe 678,john678@example.com,1000000678,Acme Inc
John Doe 679,john679@example.com,1000000679,Acme Inc
John Doe 680,john680@example.com,1000000680,Acme Inc
John Doe 681,john681@example.com,1000000681,Acme Inc
John Doe 682,john682@example.com,1000000682,Acme Inc
John Doe 683,john683@example.com,1000000683,Acme Inc
John Doe 684,john684@example.com,1000000684,Acme Inc
John Doe 685,john685@example.com,1000000685,Acme Inc
John Doe 686,john686@example.com,1000000686,Acme Inc
John Doe 687,john687@example.com,1000000687,Acme Inc
John Doe 688,john688@example.com,1000000688,Acme Inc
John Doe 689,john689@example.com,1000000689,Acme Inc
John Doe 690,john690@example.com,1000000690,Acme Inc
John Doe 691,john691@example.com,1000000691,Acme Inc
John Doe 692,john692@example.com,1000000692,Acme Inc
John Doe 693,john693@example.com,1000000693,Acme Inc
John Doe 694,john694@example.com,1000000694,Acme Inc
John Doe 695,john695@example.com,1000000695,Acme Inc
John Doe 696,john696@example.com,1000000696,Acme Inc
John Doe 697,john697@example.com,1000000697,Acme Inc
John Doe 698,john698@example.com,1000000698,Acme Inc
John Doe 699,john699@example.com,1000000699,Acme Inc
John Doe 700,john700@example.com,1000000700,Acme Inc
John Doe 701,john701@example.com,1000000701,Acme Inc
John Doe 702,john702@example.com,1000000702,Acme Inc
John Doe 703,john703@example.com,1000000703,Acme Inc
John Doe 704,john704@example.com,1000000704,Acme Inc
John Doe 705,john705@example.com,1000000705,Acme Inc
John Doe 706,john706@example.com,1000000706,Acme Inc
John Doe 707,john707@example.com,1000000707,Acme Inc
John Doe 708,john708@example.com,1000000708,Acme Inc
John Doe 709,john709@example.com,1000000709,Acme Inc
John Doe 710,john710@example.com,1000000710,Acme Inc
John Doe 711,john711@example.com,1000000711,Acme Inc
John Doe 712,john712@example.com,1000000712,Acme Inc
John Doe 713,john713@example.com,1000000713,Acme Inc
John Doe 714,john714@example.com,1000000714,Acme Inc
John Doe 715,john715@example.com,1000000715,Acme Inc
John Doe 716,john716@example.com,1000000716,Acme Inc
John Doe 717,john717@example.com,1000000717,Acme Inc
John Doe 718,john718@example.com,1000000718,Acme Inc
John Doe 719,john719@example.com,1000000719,Acme Inc
John Doe 720,john720@example.com,1000000720,Acme Inc
John Doe 721,john721@example.com,1000000721,Acme Inc
John Doe 722,john722@example.com,1000000722,Acme Inc
John Doe 723,john723@example.com,1000000723,Acme Inc
John Doe 724,john724@example.com,1000000724,Acme Inc
John Doe 725,john725@example.com,1000000725,Acme Inc
John Doe 726,john726@example.com,1000000726,Acme Inc
John Doe 727,john727@example.com,1000000727,Acme Inc
John Doe 728,john728@example.com,1000000728,Acme Inc
John Doe 729,john729@example.com,1000000729,Acme Inc
John Doe 730,john730@example.com,1000000730,Acme Inc
John Doe 731,john731@example.com,1000000731,Acme Inc
John Doe 732,john732@example.com,1000000732,Acme Inc
John Doe 733,john733@example.com,1000000733,Acme Inc
John Doe 734,john734@example.com,1000000734,Acme Inc
John Doe 735,john735@example.com,1000000735,Acme Inc
John Doe 736,john736@example.com,1000000736,Acme Inc
John Doe 737,john737@example.com,1000000737,Acme Inc
John Doe 738,john738@example.com,1000000738,Acme Inc
John Doe 739,john739@example.com,1000000739,Acme Inc
John Doe 740,john740@example.com,1000000740,Acme Inc
John Doe 741,john741@example.com,1000000741,Acme Inc
John Doe 742,john742@example.com,1000000742,Acme Inc
John Doe 743,john743@example.com,1000000743,Acme Inc
John Doe 744,john744@example.com,1000000744,Acme Inc
John Doe 745,john745@example.com,1000000745,Acme Inc
John Doe 746,john746@example.com,1000000746,Acme Inc
John Doe 747,john747@example.com,1000000747,Acme Inc
John Doe 748,john748@example.com,1000000748,Acme Inc
John Doe 749,john749@example.com,1000000749,Acme Inc
John Doe 750,john750@example.com,1000000750,Acme Inc
John Doe 751,john751@example.com,1000000751,Acme Inc
John Doe 752,john752@example.com,1000000752,Acme Inc
John Doe 753,john753@example.com,1000000753,Acme Inc
John Doe 754,john754@example.com,1000000754,Acme Inc
John Doe 755,john755@example.com,1000000755,Acme Inc
John Doe 756,john756@example.com,1000000756,Acme Inc
John Doe 757,john757@example.com,1000000757,Acme Inc
John Doe 758,john758@example.com,1000000758,Acme Inc
John Doe 759,john759@example.com,1000000759,Acme Inc
John Doe 760,john760@example.com,1000000760,Acme Inc
John Doe 761,john761@example.com,1000000761,Acme Inc
John Doe 762,john762@example.com,1000000762,Acme Inc
John Doe 763,john763@example.com,1000000763,Acme Inc
John Doe 764,john764@example.com,1000000764,Acme Inc
John Doe 765,john765@example.com,1000000765,Acme Inc
John Doe 766,john766@example.com,1000000766,Acme Inc
John Doe 767,john767@example.com,1000000767,Acme Inc
John Doe 768,john768@example.com,1000000768,Acme Inc
John Doe 769,john769@example.com,1000000769,Acme Inc
John Doe 770,john770@example.com,1000000770,Acme Inc
John Doe 771,john771@example.com,1000000771,Acme Inc
John Doe 772,john772@example.com,1000000772,Acme Inc
John Doe 773,john773@example.com,1000000773,Acme Inc
John Doe 774,john774@example.com,1000000774,Acme Inc
John Doe 775,john775@example.com,1000000775,Acme Inc
John Doe 776,john776@example.com,1000000776,Acme Inc
John Doe 777,john777@example.com,1000000777,Acme Inc
John Doe 778,john778@example.com,1000000778,Acme Inc
John Doe 779,john779@example.com,1000000779,Acme Inc
John Doe 780,john780@example.com,1000000780,Acme Inc
John Doe 781,john781@example.com,1000000781,Acme Inc
John Doe 782,john782@example.com,1000000782,Acme Inc
John Doe 783,john783@example.com,1000000783,Acme Inc
John Doe 784,john784@example.com,1000000784,Acme Inc
John Doe 785,john785@example.com,1000000785,Acme Inc
John Doe 786,john786@example.com,1000000786,Acme Inc
John Doe 787,john787@example.com,1000000787,Acme Inc
John Doe 788,john788@example.com,1000000788,Acme Inc
John Doe 789,john789@example.com,1000000789,Acme Inc
John Doe 790,john790@example.com,1000000790,Acme Inc
John Doe 791,john791@example.com,1000000791,Acme Inc
John Doe 792,john792@example.com,1000000792,Acme Inc
John Doe 793,john793@example.com,1000000793,Acme Inc
John Doe 794,john794@example.com,1000000794,Acme Inc
John Doe 795,john795@example.com,1000000795,Acme Inc
John Doe 796,john796@example.com,1000000796,Acme Inc
John Doe 797,john797@example.com,1000000797,Acme Inc
John Doe 798,john798@example.com,1000000798,Acme Inc
John Doe 799,john799@example.com,1000000799,Acme Inc
John Doe 800,john800@example.com,1000000800,Acme Inc
John Doe 801,john801@example.com,1000000801,Acme Inc
John Doe 802,john802@example.com,1000000802,Acme Inc
John Doe 803,john803@example.com,1000000803,Acme Inc
John Doe 804,john804@example.com,1000000804,Acme Inc
John Doe 805,john805@example.com,1000000805,Acme Inc
John Doe 806,john806@example.com,1000000806,Acme Inc
John Doe 807,john807@example.com,1000000807,Acme Inc
John Doe 808,john808@example.com,1000000808,Acme Inc
John Doe 809,john809@example.com,1000000809,Acme Inc
John Doe 810,john810@example.com,1000000810,Acme Inc
John Doe 811,john811@example.com,1000000811,Acme Inc
John Doe 812,john812@example.com,1000000812,Acme Inc
John Doe 813,john813@example.com,1000000813,Acme Inc
John Doe 814,john814@example.com,1000000814,Acme Inc
John Doe 815,john815@example.com,1000000815,Acme Inc
John Doe 816,john816@example.com,1000000816,Acme Inc
John Doe 817,john817@example.com,1000000817,Acme Inc
John Doe 818,john818@example.com,1000000818,Acme Inc
John Doe 819,john819@example.com,1000000819,Acme Inc
John Doe 820,john820@example.com,1000000820,Acme Inc
John Doe 821,john821@example.com,1000000821,Acme Inc
John Doe 822,john822@example.com,1000000822,Acme Inc
John Doe 823,john823@example.com,1000000823,Acme Inc
John Doe 824,john824@example.com,1000000824,Acme Inc
John Doe 825,john825@example.com,1000000825,Acme Inc
John Doe 826,john826@example.com,1000000826,Acme Inc
John Doe 827,john827@example.com,1000000827,Acme Inc
John Doe 828,john828@example.com,1000000828,Acme Inc
John Doe 829,john829@example.com,1000000829,Acme Inc
John Doe 830,john830@example.com,1000000830,Acme Inc
John Doe 831,john831@example.com,1000000831,Acme Inc
John Doe 832,john832@example.com,1000000832,Acme Inc
John Doe 833,john833@example.com,1000000833,Acme Inc
John Doe 834,john834@example.com,1000000834,Acme Inc
John Doe 835,john835@example.com,1000000835,Acme Inc
John Doe 836,john836@example.com,1000000836,Acme Inc
John Doe 837,john837@example.com,1000000837,Acme Inc
John Doe 838,john838@example.com,1000000838,Acme Inc
John Doe 839,john839@example.com,1000000839,Acme Inc
John Doe 840,john840@example.com,1000000840,Acme Inc
John Doe 841,john841@example.com,1000000841,Acme Inc
John Doe 842,john842@example.com,1000000842,Acme Inc
John Doe 843,john843@example.com,1000000843,Acme Inc
John Doe 844,john844@example.com,1000000844,Acme Inc
John Doe 845,john845@example.com,1000000845,Acme Inc
John Doe 846,john846@example.com,1000000846,Acme Inc
John Doe 847,john847@example.com,1000000847,Acme Inc
John Doe 848,john848@example.com,1000000848,Acme Inc
John Doe 849,john849@example.com,1000000849,Acme Inc
John Doe 850,john850@example.com,1000000850,Acme Inc
John Doe 851,john851@example.com,1000000851,Acme Inc
John Doe 852,john852@example.com,1000000852,Acme Inc
John Doe 853,john853@example.com,1000000853,Acme Inc
John Doe 854,john854@example.com,1000000854,Acme Inc
John Doe 855,john855@example.com,1000000855,Acme Inc
John Doe 856,john856@example.com,1000000856,Acme Inc
John Doe 857,john857@example.com,1000000857,Acme Inc
John Doe 858,john858@example.com,1000000858,Acme Inc
John Doe 859,john859@example.com,1000000859,Acme Inc
John Doe 860,john860@example.com,1000000860,Acme Inc
John Doe 861,john861@example.com,1000000861,Acme Inc
John Doe 862,john862@example.com,1000000862,Acme Inc
John Doe 863,john863@example.com,1000000863,Acme Inc
John Doe 864,john864@example.com,1000000864,Acme Inc
John Doe 865,john865@example.com,1000000865,Acme Inc
John Doe 866,john866@example.com,1000000866,Acme Inc
John Doe 867,john867@example.com,1000000867,Acme Inc
John Doe 868,john868@example.com,1000000868,Acme Inc
John Doe 869,john869@example.com,1000000869,Acme Inc
John Doe 870,john870@example.com,1000000870,Acme Inc
John Doe 871,john871@example.com,1000000871,Acme Inc
John Doe 872,john872@example.com,1000000872,Acme Inc
John Doe 873,john873@example.com,1000000873,Acme Inc
John Doe 874,john874@example.com,1000000874,Acme Inc
John Doe 875,john875@example.com,1000000875,Acme Inc
John Doe 876,john876@example.com,1000000876,Acme Inc
John Doe 877,john877@example.com,1000000877,Acme Inc
John Doe 878,john878@example.com,1000000878,Acme Inc
John Doe 879,john879@example.com,1000000879,Acme Inc
John Doe 880,john880@example.com,1000000880,Acme Inc
John Doe 881,john881@example.com,1000000881,Acme Inc
John Doe 882,john882@example.com,1000000882,Acme Inc
John Doe 883,john883@example.com,1000000883,Acme Inc
John Doe 884,john884@example.com,1000000884,Acme Inc
John Doe 885,john885@example.com,1000000885,Acme Inc
John Doe 886,john886@example.com,1000000886,Acme Inc
John Doe 887,john887@example.com,1000000887,Acme Inc
John Doe 888,john888@example.com,1000000888,Acme Inc
John Doe 889,john889@example.com,1000000889,Acme Inc
John Doe 890,john890@example.com,1000000890,Acme Inc
John Doe 891,john891@example.com,1000000891,Acme Inc
John Doe 892,john892@example.com,1000000892,Acme Inc
John Doe 893,john893@example.com,1000000893,Acme Inc
John Doe 894,john894@example.com,1000000894,Acme Inc
John Doe 895,john895@example.com,1000000895,Acme Inc
John Doe 896,john896@example.com,1000000896,Acme Inc
John Doe 897,john897@example.com,1000000897,Acme Inc
John Doe 898,john898@example.com,1000000898,Acme Inc
John Doe 899,john899@example.com,1000000899,Acme Inc
John Doe 900,john900@example.com,1000000900,Acme Inc
John Doe 901,john901@example.com,1000000901,Acme Inc
John Doe 902,john902@example.com,1000000902,Acme Inc
John Doe 903,john903@example.com,1000000903,Acme Inc
John Doe 904,john904@example.com,1000000904,Acme Inc
John Doe 905,john905@example.com,1000000905,Acme Inc
John Doe 906,john906@example.com,1000000906,Acme Inc
John Doe 907,john907@example.com,1000000907,Acme Inc
John Doe 908,john908@example.com,1000000908,Acme Inc
John Doe 909,john909@example.com,1000000909,Acme Inc
John Doe 910,john910@example.com,1000000910,Acme Inc
John Doe 911,john911@example.com,1000000911,Acme Inc
John Doe 912,john912@example.com,1000000912,Acme Inc
John Doe 913,john913@example.com,1000000913,Acme Inc
John Doe 914,john914@example.com,1000000914,Acme Inc
John Doe 915,john915@example.com,1000000915,Acme Inc
John Doe 916,john916@example.com,1000000916,Acme Inc
John Doe 917,john917@example.com,1000000917,Acme Inc
John Doe 918,john918@example.com,1000000918,Acme Inc
John Doe 919,john919@example.com,1000000919,Acme Inc
John Doe 920,john920@example.com,1000000920,Acme Inc
John Doe 921,john921@example.com,1000000921,Acme Inc
John Doe 922,john922@example.com,1000000922,Acme Inc
John Doe 923,john923@example.com,1000000923,Acme Inc
John Doe 924,john924@example.com,1000000924,Acme Inc
John Doe 925,john925@example.com,1000000925,Acme Inc
John Doe 926,john926@example.com,1000000926,Acme Inc
John Doe 927,john927@example.com,1000000927,Acme Inc
John Doe 928,john928@example.com,1000000928,Acme Inc
John Doe 929,john929@example.com,1000000929,Acme Inc
John Doe 930,john930@example.com,1000000930,Acme Inc
John Doe 931,john931@example.com,1000000931,Acme Inc
John Doe 932,john932@example.com,1000000932,Acme Inc
John Doe 933,john933@example.com,1000000933,Acme Inc
John Doe 934,john934@example.com,1000000934,Acme Inc
John Doe 935,john935@example.com,1000000935,Acme Inc
John Doe 936,john936@example.com,1000000936,Acme Inc
John Doe 937,john937@example.com,1000000937,Acme Inc
John Doe 938,john938@example.com,1000000938,Acme Inc
John Doe 939,john939@example.com,1000000939,Acme Inc
John Doe 940,john940@example.com,1000000940,Acme Inc
John Doe 941,john941@example.com,1000000941,Acme Inc
John Doe 942,john942@example.com,1000000942,Acme Inc
John Doe 943,john943@example.com,1000000943,Acme Inc
John Doe 944,john944@example.com,1000000944,Acme Inc
John Doe 945,john945@example.com,1000000945,Acme Inc
John Doe 946,john946@example.com,1000000946,Acme Inc
John Doe 947,john947@example.com,1000000947,Acme Inc
John Doe 948,john948@example.com,1000000948,Acme Inc
John Doe 949,john949@example.com,1000000949,Acme Inc
John Doe 950,john950@example.com,1000000950,Acme Inc
John Doe 951,john951@example.com,1000000951,Acme Inc
John Doe 952,john952@example.com,1000000952,Acme Inc
John Doe 953,john953@example.com,1000000953,Acme Inc
John Doe 954,john954@example.com,1000000954,Acme Inc
John Doe 955,john955@example.com,1000000955,Acme Inc
John Doe 956,john956@example.com,1000000956,Acme Inc
John Doe 957,john957@example.com,1000000957,Acme Inc
John Doe 958,john958@example.com,1000000958,Acme Inc
John Doe 959,john959@example.com,1000000959,Acme Inc
John Doe 960,john960@example.com,1000000960,Acme Inc
John Doe 961,john961@example.com,1000000961,Acme Inc
John Doe 962,john962@example.com,1000000962,Acme Inc
John Doe 963,john963@example.com,1000000963,Acme Inc
John Doe 964,john964@example.com,1000000964,Acme Inc
John Doe 965,john965@example.com,1000000965,Acme Inc
John Doe 966,john966@example.com,1000000966,Acme Inc
John Doe 967,john967@example.com,1000000967,Acme Inc
John Doe 968,john968@example.com,1000000968,Acme Inc
John Doe 969,john969@example.com,1000000969,Acme Inc
John Doe 970,john970@example.com,1000000970,Acme Inc
John Doe 971,john971@example.com,1000000971,Acme Inc
John Doe 972,john972@example.com,1000000972,Acme Inc
John Doe 973,john973@example.com,1000000973,Acme Inc
John Doe 974,john974@example.com,1000000974,Acme Inc
John Doe 975,john975@example.com,1000000975,Acme Inc
John Doe 976,john976@example.com,1000000976,Acme Inc
John Doe 977,john977@example.com,1000000977,Acme Inc
John Doe 978,john978@example.com,1000000978,Acme Inc
John Doe 979,john979@example.com,1000000979,Acme Inc
John Doe 980,john980@example.com,1000000980,Acme Inc
John Doe 981,john981@example.com,1000000981,Acme Inc
John Doe 982,john982@example.com,1000000982,Acme Inc
John Doe 983,john983@example.com,1000000983,Acme Inc
John Doe 984,john984@example.com,1000000984,Acme Inc
John Doe 985,john985@example.com,1000000985,Acme Inc
John Doe 986,john986@example.com,1000000986,Acme Inc
John Doe 987,john987@example.com,1000000987,Acme Inc
John Doe 988,john988@example.com,1000000988,Acme Inc
John Doe 989,john989@example.com,1000000989,Acme Inc
John Doe 990,john990@example.com,1000000990,Acme Inc
John Doe 991,john991@example.com,1000000991,Acme Inc
John Doe 992,john992@example.com,1000000992,Acme Inc
John Doe 993,john993@example.com,1000000993,Acme Inc
John Doe 994,john994@example.com,1000000994,Acme Inc
John Doe 995,john995@example.com,1000000995,Acme Inc
John Doe 996,john996@example.com,1000000996,Acme Inc
John Doe 997,john997@example.com,1000000997,Acme Inc
John Doe 998,john998@example.com,1000000998,Acme Inc
John Doe 999,john999@example.com,1000000999,Acme Inc
John Doe 1000,john1000@example.com,10000001000,Acme Inc
